Feature,Mean_SHAP,Rank
traffic_score,1.8482172855734824,1
road_condition_score,1.5350656710714101,2
loc_Front Vatikan,1.1658639895021916,3
road_gradient,1.083552627786761,4
weather_score,0.9871097430288792,5
loc_Front Kasovo,0.8436296147331596,6
loc_Front Zambia,0.7827117241024971,7
loc_Front Wales,0.6180158625170589,8
truck_id,0.19866145239947583,9
truck_speed,0.08836009847569039,10
hauling_distance,0.07266635966806508,11
shift,0.05552233508878271,12
