Feature,Mean_SHAP
road_condition_score,2.1120738678568736
traffic_score,1.5448627337043392
weather_score,1.3511585816672604
road_gradient,0.996082218993724
loc_Front Zambia,0.5901817938173957
loc_Front Vatikan,0.5327550772331032
loc_Front Kasovo,0.3263865800451822
truck_id,0.2385374043245646
loc_Front Wales,0.21854413855332352
hauling_distance,0.11045317311015987
shift,0.0971955222800459
truck_speed,0.06485860705781826
