Model,R2,MAE,RMSE,Train_R2,Training_Time
MLR,0.7690894651780293,3.275724489037974,4.187053740663778,0.7705270293777291,0.02199554443359375
